<?xml version="1.0" encoding="UTF-8"?>
<project-private xmlns="http://www.netbeans.org/ns/project-private/1">
    <editor-bookmarks xmlns="http://www.netbeans.org/ns/editor-bookmarks/2" lastBookmarkId="0"/>
    <open-files xmlns="http://www.netbeans.org/ns/projectui-open-files/2">
        <group>
            <file>file:/C:/xampp/htdocs/Movil/CTRL/CTPersona/CtCraPer.php</file>
            <file>file:/C:/xampp/htdocs/Movil/class/DAO/PersonaDAO.php</file>
            <file>file:/C:/xampp/htdocs/Movil/CTRL/CTPersona/CtListPersona.php</file>
            <file>file:/C:/xampp/htdocs/Movil/CTRL/CTPersona/CtModPer.php</file>
            <file>file:/C:/xampp/htdocs/Movil/CTRL/CTPersona/CrElimPerso.php</file>
            <file>file:/C:/xampp/htdocs/Movil/js/newjavascript.ts</file>
            <file>file:/C:/xampp/htdocs/Movil/view/lunes.php</file>
            <file>file:/C:/xampp/htdocs/Movil/js/MiLibreria.js</file>
            <file>file:/C:/xampp/htdocs/Movil/view/martes.php</file>
            <file>file:/C:/xampp/htdocs/Movil/.htaccess</file>
            <file>file:/C:/xampp/htdocs/Movil/CTRL/CTPersona/CtBuscarXiD.php</file>
        </group>
    </open-files>
</project-private>
